,review,category,AMBIENCE#GENERAL,DRINKS#PRICES,DRINKS#QUALITY,DRINKS#STYLE_OPTIONS,FOOD#PRICES,FOOD#QUALITY,FOOD#STYLE_OPTIONS,LOCATION#GENERAL,RESTAURANT#GENERAL,RESTAURANT#MISCELLANEOUS,RESTAURANT#PRICES,SERVICE#GENERAL
0,Yum!,FOOD#QUALITY,0,0,0,0,0,1,0,0,0,0,0,0
1,Serves really good sushi.,FOOD#QUALITY,0,0,0,0,0,1,0,0,0,0,0,0
2,Not the biggest portions but adequate.,FOOD#STYLE_OPTIONS,0,0,0,0,0,0,1,0,0,0,0,0
3,Green Tea creme brulee is a must!,FOOD#QUALITY,0,0,0,0,0,1,0,0,0,0,0,0
4,Don't leave the restaurant without it.,FOOD#QUALITY,0,0,0,0,0,1,0,0,0,0,0,0
5,No Comparison,RESTAURANT#GENERAL,0,0,0,0,0,0,0,0,1,0,0,0
6,– I can't say enough about this place.,RESTAURANT#GENERAL,0,0,0,0,0,0,0,0,1,0,0,0
7,It has great sushi and even better service.,FOOD#QUALITY*SERVICE#GENERAL,0,0,0,0,0,1,0,0,0,0,0,1
8,The entire staff was extremely accomodating and tended to my every need.,SERVICE#GENERAL,0,0,0,0,0,0,0,0,0,0,0,1
9,I've been to this restaurant over a dozen times with no complaints to date.,RESTAURANT#GENERAL,0,0,0,0,0,0,0,0,1,0,0,0
10,Snotty Attitude,SERVICE#GENERAL,0,0,0,0,0,0,0,0,0,0,0,1
11,– We were treated very rudely here one time for breakfast.,SERVICE#GENERAL,0,0,0,0,0,0,0,0,0,0,0,1
12,The owner is belligerent to guests that have a complaint.,SERVICE#GENERAL,0,0,0,0,0,0,0,0,0,0,0,1
13,Good food!,FOOD#QUALITY,0,0,0,0,0,1,0,0,0,0,0,0
14,This is a great place to get a delicious meal.,FOOD#QUALITY,0,0,0,0,0,1,0,0,0,0,0,0
15,We never had to wait more than 5 minutes.,SERVICE#GENERAL,0,0,0,0,0,0,0,0,0,0,0,1
16,The staff is pretty friendly.,SERVICE#GENERAL,0,0,0,0,0,0,0,0,0,0,0,1
17,The onion rings are great!,FOOD#QUALITY,0,0,0,0,0,1,0,0,0,0,0,0
18,They are not greasy or anything.,FOOD#QUALITY,0,0,0,0,0,1,0,0,0,0,0,0
19,Overrated,RESTAURANT#GENERAL,0,0,0,0,0,0,0,0,1,0,0,0
20,– I was highly disappointed in the food at Pagoda.,FOOD#QUALITY,0,0,0,0,0,1,0,0,0,0,0,0
21,"The lemon chicken tasted like sticky sweet donuts and the honey walnut prawns, the few they actually give you.....were not good.",FOOD#QUALITY*FOOD#QUALITY*FOOD#STYLE_OPTIONS,0,0,0,0,0,1,1,0,0,0,0,0
22,"Nice ambience, but highly overrated place.",AMBIENCE#GENERAL*RESTAURANT#GENERAL,1,0,0,0,0,0,0,0,1,0,0,0
23,I will not go back.,RESTAURANT#GENERAL,0,0,0,0,0,0,0,0,1,0,0,0
24,Worst Service I Ever Had,SERVICE#GENERAL,0,0,0,0,0,0,0,0,0,0,0,1
25,Everyone that sat in the back outside agreed that it was the worst service we had ever received.,SERVICE#GENERAL,0,0,0,0,0,0,0,0,0,0,0,1
26,"Our waiter was non-existent and after our food finally arrived over an hour after we ordered, we were not given any water or utensils.",SERVICE#GENERAL,0,0,0,0,0,0,0,0,0,0,0,1
27,"I complained to the manager, but he was not even apologetic.",SERVICE#GENERAL,0,0,0,0,0,0,0,0,0,0,0,1
28,I will never return again.,RESTAURANT#GENERAL,0,0,0,0,0,0,0,0,1,0,0,0
29,Fabulous Italian Food!,FOOD#QUALITY,0,0,0,0,0,1,0,0,0,0,0,0
30,– I highly recommend Mioposto.,RESTAURANT#GENERAL,0,0,0,0,0,0,0,0,1,0,0,0
31,I am so happy to have a wonderful Italian restaurant in my neighborhood.,RESTAURANT#GENERAL,0,0,0,0,0,0,0,0,1,0,0,0
32,The wine list is wonderful and the food reminds me of my recent trip to Italy.,DRINKS#STYLE_OPTIONS*FOOD#QUALITY,0,0,0,1,0,1,0,0,0,0,0,0
33,I love this restaurant,RESTAURANT#GENERAL,0,0,0,0,0,0,0,0,1,0,0,0
34,"– I will never forget the amazing meal, service, and ambiance I experience at this restaurant.",FOOD#QUALITY*SERVICE#GENERAL*AMBIENCE#GENERAL,1,0,0,0,0,1,0,0,0,0,0,1
35,It was absolutely amazing.,RESTAURANT#GENERAL,0,0,0,0,0,0,0,0,1,0,0,0
36,"The wine list is incredible and extensive and diverse, the food is all incredible and the staff was all very nice, good at their jobs and cultured.",DRINKS#STYLE_OPTIONS*FOOD#QUALITY*SERVICE#GENERAL,0,0,0,1,0,1,0,0,0,0,0,1
37,I have not a bad thing to say about this place.,RESTAURANT#GENERAL,0,0,0,0,0,0,0,0,1,0,0,0
38,AMAZING.,RESTAURANT#GENERAL,0,0,0,0,0,0,0,0,1,0,0,0
39,I cannot wait to go back again this coming weekend!,RESTAURANT#GENERAL,0,0,0,0,0,0,0,0,1,0,0,0
40,Mmm... good!,RESTAURANT#GENERAL,0,0,0,0,0,0,0,0,1,0,0,0
41,The food was great!,FOOD#QUALITY,0,0,0,0,0,1,0,0,0,0,0,0
42,"It's *very* reasonably priced, esp for the quality of the food.",FOOD#PRICES*FOOD#QUALITY,0,0,0,0,1,1,0,0,0,0,0,0
43,I had the Kafta plate and it was perfect.,FOOD#QUALITY,0,0,0,0,0,1,0,0,0,0,0,0
44,We're going back. :D,RESTAURANT#GENERAL,0,0,0,0,0,0,0,0,1,0,0,0
45,Finally a meal that you will remember for a long time!,FOOD#QUALITY,0,0,0,0,0,1,0,0,0,0,0,0
46,"– In a age of incremental cost cutting in restaurants, its nice to see a place that bucks that trend, and just plain delivers high quality food and good service, period.",FOOD#QUALITY*SERVICE#GENERAL,0,0,0,0,0,1,0,0,0,0,0,1
47,This is the place to relax and enjoy the finest quality food the industry can offer.,AMBIENCE#GENERAL*FOOD#QUALITY,1,0,0,0,0,1,0,0,0,0,0,0
48,Caution - its real food for people who love the best.,FOOD#QUALITY,0,0,0,0,0,1,0,0,0,0,0,0
49,Very Disappointing,RESTAURANT#GENERAL,0,0,0,0,0,0,0,0,1,0,0,0
50,– I took my parents here for their anniversary-very very disappointed!!!,RESTAURANT#GENERAL,0,0,0,0,0,0,0,0,1,0,0,0
51,I liked the atmosphere very much but the food was not worth the price.,AMBIENCE#GENERAL*FOOD#QUALITY*FOOD#PRICES,1,0,0,0,1,1,0,0,0,0,0,0
52,I may not be a sushi guru but I can tell you that the food here is just okay and that there is not much else to it.,FOOD#QUALITY,0,0,0,0,0,1,0,0,0,0,0,0
53,"Rice is too dry, tuna wasn't so fresh either.",FOOD#QUALITY*FOOD#QUALITY,0,0,0,0,0,1,0,0,0,0,0,0
54,Nothing really came across as outstanding.,FOOD#QUALITY,0,0,0,0,0,1,0,0,0,0,0,0
55,Very disappointed.,RESTAURANT#GENERAL,0,0,0,0,0,0,0,0,1,0,0,0
56,I have eaten here three times and have found the quality and variety of the fish to be excellent.,FOOD#QUALITY*FOOD#STYLE_OPTIONS,0,0,0,0,0,1,1,0,0,0,0,0
57,"However, the value and service are both severely lacking.",SERVICE#GENERAL*RESTAURANT#PRICES,0,0,0,0,0,0,0,0,0,0,1,1
58,"Furthermore, while the fish is unquestionably fresh, rolls tend to be inexplicably bland.",FOOD#QUALITY*FOOD#QUALITY,0,0,0,0,0,1,0,0,0,0,0,0
59,The service ranges from mediocre to offensive.,SERVICE#GENERAL,0,0,0,0,0,0,0,0,0,0,0,1
60,"On a recent trip, our waiter was extremely dismissive, while no less than three staff members waited hand-and-foot on a pair of Japanese girls seated nearby.",SERVICE#GENERAL*SERVICE#GENERAL,0,0,0,0,0,0,0,0,0,0,0,1
61,We were then charged for their most expensive sake ($20+ per serving) when we in fact drank a sake of less than half that price.,SERVICE#GENERAL,0,0,0,0,0,0,0,0,0,0,0,1
62,Freshest sushi  – I love this restaurant.,FOOD#QUALITY*RESTAURANT#GENERAL,0,0,0,0,0,1,0,0,1,0,0,0
63,They pay such detail to everything from miso soup to complex rolls.,FOOD#QUALITY*FOOD#QUALITY,0,0,0,0,0,1,0,0,0,0,0,0
64,The sashimi was the freshest and most tender I have ever tasted.,FOOD#QUALITY,0,0,0,0,0,1,0,0,0,0,0,0
65,Their apps are all delicious.,FOOD#QUALITY,0,0,0,0,0,1,0,0,0,0,0,0
66,The only drawback is that this place is really expensive and the portions are on the small side.,RESTAURANT#PRICES*FOOD#STYLE_OPTIONS,0,0,0,0,0,0,1,0,0,0,1,0
67,"But the space is small and lovely, and the service is helpful.",AMBIENCE#GENERAL*SERVICE#GENERAL,1,0,0,0,0,0,0,0,0,0,0,1
68,You are bound to have a very charming time.,RESTAURANT#GENERAL,0,0,0,0,0,0,0,0,1,0,0,0
69,Not recommanded!!!,RESTAURANT#GENERAL,0,0,0,0,0,0,0,0,1,0,0,0
70,– The food was not great & the waiters were rude.,FOOD#QUALITY*SERVICE#GENERAL,0,0,0,0,0,1,0,0,0,0,0,1
71,It is not worth going at all and spend your money there!!!,RESTAURANT#GENERAL,0,0,0,0,0,0,0,0,1,0,0,0
72,great service,SERVICE#GENERAL,0,0,0,0,0,0,0,0,0,0,0,1
73,– Pretty cheap for sit down Mexican AND downtown.,RESTAURANT#PRICES*LOCATION#GENERAL,0,0,0,0,0,0,0,1,0,0,1,0
74,my service was stellar!,SERVICE#GENERAL,0,0,0,0,0,0,0,0,0,0,0,1
75,the bus boy even spotted that my table was shaking a stabilized it for me.,SERVICE#GENERAL,0,0,0,0,0,0,0,0,0,0,0,1
76,"food was fine, with a some little-tastier-than-normal salsa.",FOOD#QUALITY*FOOD#QUALITY,0,0,0,0,0,1,0,0,0,0,0,0
77,If you're in the area you shouldn't be disappointed.,RESTAURANT#GENERAL,0,0,0,0,0,0,0,0,1,0,0,0
78,Ok.... – Maybe I went in on someone's bad day....,RESTAURANT#GENERAL,0,0,0,0,0,0,0,0,1,0,0,0
79,"the food was great, the margaritas too but the waitress was too busy being nice to her other larger party than to take better care of my friend and me.",FOOD#QUALITY*DRINKS#QUALITY*SERVICE#GENERAL,0,0,1,0,0,1,0,0,0,0,0,1
80,"Took forever to get our order taken, water refills were too much to ask for and the only time she was fast was when we asked for our bill when we could get her attention.",SERVICE#GENERAL,0,0,0,0,0,0,0,0,0,0,0,1
81,I don't know if I'll be back....,RESTAURANT#GENERAL,0,0,0,0,0,0,0,0,1,0,0,0
82,Mama Mia – I live in the neighborhood and feel lucky to live by such a great pizza place.,RESTAURANT#GENERAL,0,0,0,0,0,0,0,0,1,0,0,0
83,"the only problem is you really have to warm up the pizza before it's edible, even when you order ahead.",FOOD#QUALITY,0,0,0,0,0,1,0,0,0,0,0,0
84,"BUt once done, it's not too much dough, not too much cheese, not too much sauce.",FOOD#QUALITY,0,0,0,0,0,1,0,0,0,0,0,0
85,Best Sushi in town.,FOOD#QUALITY,0,0,0,0,0,1,0,0,0,0,0,0
86,"Everything you want and more, very fresh.",FOOD#QUALITY*FOOD#STYLE_OPTIONS,0,0,0,0,0,1,1,0,0,0,0,0
87,"Its worth the wait, especially since they'll give you a call when the table is ready.",RESTAURANT#GENERAL*SERVICE#GENERAL,0,0,0,0,0,0,0,0,1,0,0,1
88,The best calamari in Seattle!,FOOD#QUALITY,0,0,0,0,0,1,0,0,0,0,0,0
89,– ...and the best summertime deck experience--they will even bring you a blanket if you get cold in the Seattle evening weather.,AMBIENCE#GENERAL*SERVICE#GENERAL,1,0,0,0,0,0,0,0,0,0,0,1
90,A perfect place to take out of town guests any time of the year.,RESTAURANT#GENERAL,0,0,0,0,0,0,0,0,1,0,0,0
91,"Endless fun, awesome music, great staff!!!",AMBIENCE#GENERAL*SERVICE#GENERAL*RESTAURANT#GENERAL,1,0,0,0,0,0,0,0,1,0,0,1
92,– By far the best bar in the east village...,RESTAURANT#GENERAL,0,0,0,0,0,0,0,0,1,0,0,0
93,I went there with some friends one night to play bingo and watch the sox game and it was a blast!,RESTAURANT#GENERAL,0,0,0,0,0,0,0,0,1,0,0,0
94,"Every time ""0-sixtynine"" is called the bartender buys everyone drinks!",SERVICE#GENERAL,0,0,0,0,0,0,0,0,0,0,0,1
95,Been there lots since and its always a good time.,RESTAURANT#GENERAL,0,0,0,0,0,0,0,0,1,0,0,0
96,Great draft and bottle selection and the pizza rocks.,FOOD#QUALITY*DRINKS#STYLE_OPTIONS,0,0,0,1,0,1,0,0,0,0,0,0
97,Definitely has one of the best jukebox's i've seen in a long long time.,AMBIENCE#GENERAL,1,0,0,0,0,0,0,0,0,0,0,0
98,I FOUND A NEW HOME ON SECOND AVENUE!!!!!!!!!!!!,RESTAURANT#GENERAL,0,0,0,0,0,0,0,0,1,0,0,0
99,Just go there and see for yourself.,RESTAURANT#GENERAL,0,0,0,0,0,0,0,0,1,0,0,0
100,"The food is great, the bartenders go that extra mile.",FOOD#QUALITY*SERVICE#GENERAL,0,0,0,0,0,1,0,0,0,0,0,1
101,"You need to watch your game, they will have it on for you.",SERVICE#GENERAL,0,0,0,0,0,0,0,0,0,0,0,1
102,The owners are great fun and the beer selection is worth staying for.,SERVICE#GENERAL*DRINKS#STYLE_OPTIONS,0,0,0,1,0,0,0,0,0,0,0,1
103,And the upstairs is a great place to hang out.,AMBIENCE#GENERAL,1,0,0,0,0,0,0,0,0,0,0,0
104,"Not alot of smoking places left in New York, but I have found my favorite smoking balconey in the city.",RESTAURANT#MISCELLANEOUS,0,0,0,0,0,0,0,0,0,1,0,0
105,Kudos to these guys.,RESTAURANT#GENERAL,0,0,0,0,0,0,0,0,1,0,0,0
106,I found a new home and just moved with a long lease.,RESTAURANT#GENERAL,0,0,0,0,0,0,0,0,1,0,0,0
107,The sushi here is delicious!,FOOD#QUALITY,0,0,0,0,0,1,0,0,0,0,0,0
108,They have a wide variety of fish and they even list which oceans they come from; Atlantic or Pacific.,FOOD#STYLE_OPTIONS,0,0,0,0,0,0,1,0,0,0,0,0
109,"I've had the Jellyfish, Horse Mackerel, Blue Fin Tuna and the Sake Ikura roll among others, and they were all good.",FOOD#QUALITY*FOOD#QUALITY*FOOD#QUALITY*FOOD#QUALITY,0,0,0,0,0,1,0,0,0,0,0,0
110,My only negative comment is that I wish the pieces were a little bigger.,FOOD#STYLE_OPTIONS,0,0,0,0,0,0,1,0,0,0,0,0
111,"The decor is rustic, traditional Japanese.",AMBIENCE#GENERAL,1,0,0,0,0,0,0,0,0,0,0,0
112,"The crowd is mixed yuppies, young and old.",RESTAURANT#MISCELLANEOUS,0,0,0,0,0,0,0,0,0,1,0,0
113,The service was courteous and attentive.,SERVICE#GENERAL,0,0,0,0,0,0,0,0,0,0,0,1
114,Mediocre food,FOOD#QUALITY,0,0,0,0,0,1,0,0,0,0,0,0
115,The outside patio area has an abbreviated menu.,FOOD#STYLE_OPTIONS,0,0,0,0,0,0,1,0,0,0,0,0
116,My g/f and I both agreed the food was very mediocre especially considering the price.,FOOD#QUALITY*FOOD#PRICES,0,0,0,0,1,1,0,0,0,0,0,0
117,"We are locals, and get the feeling the only way this place survives with such average food is because most customers are probably one-time customer tourists.",FOOD#QUALITY*RESTAURANT#GENERAL,0,0,0,0,0,1,0,0,1,0,0,0
118,Service was decent.,SERVICE#GENERAL,0,0,0,0,0,0,0,0,0,0,0,1
119,Drinks were good.,DRINKS#QUALITY,0,0,1,0,0,0,0,0,0,0,0,0
120,Unless you are just stopping in for a few drinks I wouldn't recommend going here.,DRINKS#QUALITY*RESTAURANT#GENERAL,0,0,1,0,0,0,0,0,1,0,0,0
121,You are likely to be disappointed.,RESTAURANT#GENERAL,0,0,0,0,0,0,0,0,1,0,0,0
122,"Excellent food, nice ambience, fairly expensive",FOOD#QUALITY*AMBIENCE#GENERAL*RESTAURANT#PRICES,1,0,0,0,0,1,0,0,0,0,1,0
123,– I loved the pumpkin ravioli and the goat cheese gnocchi (5 big ones to a plate instead of 20 or so little gnocchis) and my sister loved her filet mignon on top of spinach and mashed potatoes.,FOOD#QUALITY*FOOD#QUALITY*FOOD#STYLE_OPTIONS*FOOD#QUALITY,0,0,0,0,0,1,1,0,0,0,0,0
124,The ambiance was a peaceful and relaxing break amongst all the kids running around in Downtown Disney.,AMBIENCE#GENERAL,1,0,0,0,0,0,0,0,0,0,0,0
125,"It was romantic - and even nice even with my sister, reminded me of Italy, and had artwork and music that kept up the feeling of being in a Mediterrean villa.",AMBIENCE#GENERAL*AMBIENCE#GENERAL*AMBIENCE#GENERAL,1,0,0,0,0,0,0,0,0,0,0,0
126,I recommend it for a night when you want to splurge! (it was a bit expensive),RESTAURANT#GENERAL*RESTAURANT#PRICES,0,0,0,0,0,0,0,0,1,0,1,0
127,Best Indian food in L.A.,FOOD#QUALITY,0,0,0,0,0,1,0,0,0,0,0,0
128,"The best thing is, the prices are also quite reasonable.",RESTAURANT#PRICES,0,0,0,0,0,0,0,0,0,0,1,0
129,The chicken curry and chicken tikka masala are my favorite meat dishes.,FOOD#QUALITY*FOOD#QUALITY,0,0,0,0,0,1,0,0,0,0,0,0
130,The chana masala (garbanzo beans) are also excellent.,FOOD#QUALITY,0,0,0,0,0,1,0,0,0,0,0,0
131,"It's located in a strip mall near the Beverly Center, not the greatest location, but the food keeps me coming back for more.",LOCATION#GENERAL*FOOD#QUALITY,0,0,0,0,0,1,0,1,0,0,0,0
132,hidden little jem,RESTAURANT#GENERAL,0,0,0,0,0,0,0,0,1,0,0,0
133,– tucked away over by the Beverly Center.,LOCATION#GENERAL,0,0,0,0,0,0,0,1,0,0,0,0
134,Never too crowded and always great service.,SERVICE#GENERAL*RESTAURANT#MISCELLANEOUS,0,0,0,0,0,0,0,0,0,1,0,1
135,I think I have probably tried each item on their menu at least once it is all excellent.,FOOD#QUALITY,0,0,0,0,0,1,0,0,0,0,0,0
136,I can highly recommend their various saag and paneer and korma.,FOOD#QUALITY*FOOD#QUALITY*FOOD#QUALITY,0,0,0,0,0,1,0,0,0,0,0,0
137,"You routinely see Indian families and friends dining there, which is always a good sign.",RESTAURANT#MISCELLANEOUS,0,0,0,0,0,0,0,0,0,1,0,0
138,I appreciate their delivery too.,SERVICE#GENERAL,0,0,0,0,0,0,0,0,0,0,0,1
139,Nice food but no spice!,FOOD#QUALITY*FOOD#QUALITY,0,0,0,0,0,1,0,0,0,0,0,0
140,– I really enjoyed my meal here.,FOOD#QUALITY,0,0,0,0,0,1,0,0,0,0,0,0
141,"I had yummy lamb korma, saag paneer, samosas, naan, etc.",FOOD#QUALITY*FOOD#QUALITY*FOOD#QUALITY*FOOD#QUALITY,0,0,0,0,0,1,0,0,0,0,0,0
142,The food was all good but it was way too mild.,FOOD#QUALITY*FOOD#QUALITY,0,0,0,0,0,1,0,0,0,0,0,0
143,"Normally, places ask how hot you want it, but they didn't.",SERVICE#GENERAL,0,0,0,0,0,0,0,0,0,0,0,1
144,I should have thought to bring it up but never expected the food to be that mild.,FOOD#QUALITY,0,0,0,0,0,1,0,0,0,0,0,0
145,"The naan was some of the best I've had and I really enjoyed the bhartha, not too tomatoey.",FOOD#QUALITY*FOOD#QUALITY,0,0,0,0,0,1,0,0,0,0,0,0
146,"Even the chickpeas, which I normally find too dry, were good.",FOOD#QUALITY,0,0,0,0,0,1,0,0,0,0,0,0
147,And they packaged everything nicely so it didn't spill.,SERVICE#GENERAL,0,0,0,0,0,0,0,0,0,0,0,1
148,awesome find,RESTAURANT#GENERAL,0,0,0,0,0,0,0,0,1,0,0,0
149,"– I don't understand how I was a stranger to this place for so long... the fajita salad, the colorado, the fajitas - EVERYTHING is delicious.",FOOD#QUALITY*FOOD#QUALITY*FOOD#QUALITY*FOOD#QUALITY*RESTAURANT#GENERAL,0,0,0,0,0,1,0,0,1,0,0,0
150,I love the warm & cosy environment.,AMBIENCE#GENERAL,1,0,0,0,0,0,0,0,0,0,0,0
151,I just found out that you can have the place to yourself on nights and weekends for a private party - can't wait to celebrate my next birthday there.,RESTAURANT#MISCELLANEOUS,0,0,0,0,0,0,0,0,0,1,0,0
152,"best restaurant in the world, great decor, great customer service, friendly manager",RESTAURANT#GENERAL*AMBIENCE#GENERAL*SERVICE#GENERAL*SERVICE#GENERAL,1,0,0,0,0,0,0,0,1,0,0,1
153,i am never disappointed with there food.,FOOD#QUALITY,0,0,0,0,0,1,0,0,0,0,0,0
154,the atmosphere is great.,AMBIENCE#GENERAL,1,0,0,0,0,0,0,0,0,0,0,0
155,great lunch spot,RESTAURANT#GENERAL,0,0,0,0,0,0,0,0,1,0,0,0
156,– Great financial district mexican spot.,RESTAURANT#GENERAL,0,0,0,0,0,0,0,0,1,0,0,0
157,"Always busy, but they are good at seating you promptly and have quick service.",SERVICE#GENERAL*SERVICE#GENERAL,0,0,0,0,0,0,0,0,0,0,0,1
158,"Everything I've had here is good, taco salads, burritos, enchiladas i love this place.",FOOD#QUALITY*FOOD#QUALITY*FOOD#QUALITY*RESTAURANT#GENERAL*FOOD#QUALITY,0,0,0,0,0,1,0,0,1,0,0,0
159,Also have great margaritas!,DRINKS#QUALITY,0,0,1,0,0,0,0,0,0,0,0,0
160,You can order to go if you have to get back to the office too!,SERVICE#GENERAL,0,0,0,0,0,0,0,0,0,0,0,1
161,Lebanese Food!Yum!,FOOD#QUALITY,0,0,0,0,0,1,0,0,0,0,0,0
162,"– I've been to Open Sesame only once, but I'm still reeling from the experience!!",RESTAURANT#GENERAL,0,0,0,0,0,0,0,0,1,0,0,0
163,The food is simply unforgettable!,FOOD#QUALITY,0,0,0,0,0,1,0,0,0,0,0,0
164,"The presentation of the food was an added bonus, it looked just as great as it tasted!",FOOD#STYLE_OPTIONS*FOOD#QUALITY,0,0,0,0,0,1,1,0,0,0,0,0
165,My best friend had the chicken shawarma and she STILL raves about it being the best anywhere!,FOOD#QUALITY,0,0,0,0,0,1,0,0,0,0,0,0
166,"What a tastly, flaky treat!",FOOD#QUALITY,0,0,0,0,0,1,0,0,0,0,0,0
167,The staff are friendly and the decor was ethic and colorful.,SERVICE#GENERAL*AMBIENCE#GENERAL,1,0,0,0,0,0,0,0,0,0,0,1
168,GO TO OPEN SESAME!!!,RESTAURANT#GENERAL,0,0,0,0,0,0,0,0,1,0,0,0
169,Holy Hummus!,FOOD#QUALITY,0,0,0,0,0,1,0,0,0,0,0,0
170,"– The food is here is incredible, though the quality is inconsistent during lunch.",FOOD#QUALITY*FOOD#QUALITY,0,0,0,0,0,1,0,0,0,0,0,0
171,"Dinners have always been excellent, in terms of food quality.",FOOD#QUALITY,0,0,0,0,0,1,0,0,0,0,0,0
172,The open sesame combo plate is a bargain for the heap of food given.,FOOD#PRICES*FOOD#STYLE_OPTIONS,0,0,0,0,1,0,1,0,0,0,0,0
173,"The side of potatoes is to die for, as is the labne (yogurt dip).",FOOD#QUALITY*FOOD#QUALITY,0,0,0,0,0,1,0,0,0,0,0,0
174,"Also, they serve THE best hummus in America, with a drizzle of fragrant olive oil (which, I believe is the traditional way)!",FOOD#QUALITY*FOOD#STYLE_OPTIONS,0,0,0,0,0,1,1,0,0,0,0,0
175,The only drawback is the crowded seating and the slow service.,RESTAURANT#MISCELLANEOUS*SERVICE#GENERAL,0,0,0,0,0,0,0,0,0,1,0,1
176,There have been several occasions when we've just not gotten some side dishes we've ordered.,SERVICE#GENERAL,0,0,0,0,0,0,0,0,0,0,0,1
177,"However, this place is a gem, and I won't stop going back.",RESTAURANT#GENERAL,0,0,0,0,0,0,0,0,1,0,0,0
178,great beer,DRINKS#QUALITY,0,0,1,0,0,0,0,0,0,0,0,0
179,– My first time to dine at this restaurant was with my son and it was absolutely horrible!,RESTAURANT#GENERAL,0,0,0,0,0,0,0,0,1,0,0,0
180,We waited over 30 minutes for our drinks and over 1 1/2 hours for our food.,SERVICE#GENERAL,0,0,0,0,0,0,0,0,0,0,0,1
181,I swore never to return for a warm beer and mediocre meal.,DRINKS#QUALITY*FOOD#QUALITY,0,0,1,0,0,1,0,0,0,0,0,0
182,"HOWEVER, one Sunday afternoon my husband and I did go (although with my loud protests) and were pleasantly surprised.",RESTAURANT#GENERAL,0,0,0,0,0,0,0,0,1,0,0,0
183,The band was very good and the service was attentive.,AMBIENCE#GENERAL*SERVICE#GENERAL,1,0,0,0,0,0,0,0,0,0,0,1
184,"We ordered a selection of the small plates, and the shoe string onions, goat cheese pizza, grilled asparagus and fried brie with fruit were all very good.",FOOD#QUALITY*FOOD#QUALITY*FOOD#QUALITY*FOOD#QUALITY,0,0,0,0,0,1,0,0,0,0,0,0
185,It was like dining at a completely different restaurant.,RESTAURANT#GENERAL,0,0,0,0,0,0,0,0,1,0,0,0
186,"We have since returned and also had a great experience, sampling more small plates and a variety of the beer ( cold and good).",DRINKS#QUALITY*RESTAURANT#GENERAL,0,0,1,0,0,0,0,0,1,0,0,0
187,"We did have the same waiter the second time, so maybe the service is spotty and our luck is good.",SERVICE#GENERAL,0,0,0,0,0,0,0,0,0,0,0,1
188,Sunday afternoons there is a band playing and it is lots of fun.,AMBIENCE#GENERAL,1,0,0,0,0,0,0,0,0,0,0,0
189,Seattle's BEST Winelist,DRINKS#STYLE_OPTIONS,0,0,0,1,0,0,0,0,0,0,0,0
190,– Ray's (suprisingly) has the city's BEST & most diverse wine list.,DRINKS#STYLE_OPTIONS,0,0,0,1,0,0,0,0,0,0,0,0
191,"The sommelier is fantastic, down-to-earth, & extremely knowlegable.",SERVICE#GENERAL,0,0,0,0,0,0,0,0,0,0,0,1
192,I would go back for the wine experience alone.,DRINKS#QUALITY,0,0,1,0,0,0,0,0,0,0,0,0
193,Nice job!,RESTAURANT#GENERAL,0,0,0,0,0,0,0,0,1,0,0,0
194,NOT THE PLACE IT ONCE WAS,RESTAURANT#GENERAL,0,0,0,0,0,0,0,0,1,0,0,0
195,"– It is sad to see a place that was once ""THE"" place to meet and eat for Bfast or Lunch, now be the place that is a big ""DONT BOTHER.""",RESTAURANT#GENERAL,0,0,0,0,0,0,0,0,1,0,0,0
196,"The food is not what it once was (potions have seriously seen downsizing) prices have gone up, and the service is the worst I have experienced anywhere (including mainland Europe).",FOOD#QUALITY*FOOD#STYLE_OPTIONS*SERVICE#GENERAL*FOOD#PRICES,0,0,0,0,1,1,1,0,0,0,0,1
197,What may be interesting to most is the worst sevice/attitude comes from the owners of this establishment.,SERVICE#GENERAL,0,0,0,0,0,0,0,0,0,0,0,1
198,"This establishment really made a marked decline after ( and this is recurring story ) the airing of FOOD TELEVISIONS ""DINERS, DRIVE-INS, AND DIVES"" hosted by Guy Fieri, in which Schooner or Later was subject of.",RESTAURANT#GENERAL,0,0,0,0,0,0,0,0,1,0,0,0
199,"Perhaps now, Scooner or Later falls into the ""Dive"" category.",RESTAURANT#GENERAL,0,0,0,0,0,0,0,0,1,0,0,0
200,This is sad for what once was one of the best places you could ever eat.,RESTAURANT#GENERAL,0,0,0,0,0,0,0,0,1,0,0,0
201,I hope one day Scooner or Later returns to what it once was.,RESTAURANT#GENERAL,0,0,0,0,0,0,0,0,1,0,0,0
202,"Untill this happens, my advice is to STAY AWAY.",RESTAURANT#GENERAL,0,0,0,0,0,0,0,0,1,0,0,0
203,Open & Cool Place with the Best Pizza and Coffee,AMBIENCE#GENERAL*FOOD#QUALITY*DRINKS#QUALITY,1,0,1,0,0,1,0,0,0,0,0,0
204,– Mioposto has a very creative & delicious pizza menu.,FOOD#QUALITY*FOOD#STYLE_OPTIONS,0,0,0,0,0,1,1,0,0,0,0,0
205,"The coffe is very good, too.",DRINKS#QUALITY,0,0,1,0,0,0,0,0,0,0,0,0
206,Great open and friendly ambience.,AMBIENCE#GENERAL,1,0,0,0,0,0,0,0,0,0,0,0
207,This place is charming and relaxing.,AMBIENCE#GENERAL,1,0,0,0,0,0,0,0,0,0,0,0
208,The servers behind the counter are always friendly and helpful.,SERVICE#GENERAL,0,0,0,0,0,0,0,0,0,0,0,1
209,It's a great place to enjoy food and meet friends.,FOOD#QUALITY*RESTAURANT#MISCELLANEOUS,0,0,0,0,0,1,0,0,0,1,0,0
210,Old Reliable,RESTAURANT#GENERAL,0,0,0,0,0,0,0,0,1,0,0,0
211,– After 12 years in Seattle Ray's rates as the place we always go back to.,RESTAURANT#GENERAL,0,0,0,0,0,0,0,0,1,0,0,0
212,"Great food, spectacular location, and friendly service keep us coming back year after year.",FOOD#QUALITY*LOCATION#GENERAL*SERVICE#GENERAL,0,0,0,0,0,1,0,1,0,0,0,1
213,Enjoyed the food,FOOD#QUALITY,0,0,0,0,0,1,0,0,0,0,0,0
214,I liked it.,RESTAURANT#GENERAL,0,0,0,0,0,0,0,0,1,0,0,0
215,Food was good and cheap.,FOOD#QUALITY*FOOD#PRICES,0,0,0,0,1,1,0,0,0,0,0,0
216,I had the kafta plate and I enjoyed it.,FOOD#QUALITY,0,0,0,0,0,1,0,0,0,0,0,0
217,"It was so much though that I could barely finish but I did, since it was delicious.",FOOD#STYLE_OPTIONS*FOOD#QUALITY,0,0,0,0,0,1,1,0,0,0,0,0
218,Atmosphere was nice.,AMBIENCE#GENERAL,1,0,0,0,0,0,0,0,0,0,0,0
219,"Service was kind of slow, our waitress took forever to give us our check even though it wasn't that busy.",SERVICE#GENERAL*SERVICE#GENERAL,0,0,0,0,0,0,0,0,0,0,0,1
220,Still I would recommend this place.,RESTAURANT#GENERAL,0,0,0,0,0,0,0,0,1,0,0,0
221,WOW!!!!!!!!,RESTAURANT#GENERAL,0,0,0,0,0,0,0,0,1,0,0,0
222,– IT CANT GET ANY BETTER!!!!!,RESTAURANT#GENERAL,0,0,0,0,0,0,0,0,1,0,0,0
223,WHAT ELSE CAN YOU SAY NICE PEOPLE AMAZING FOOD WOW,FOOD#QUALITY*SERVICE#GENERAL*RESTAURANT#GENERAL,0,0,0,0,0,1,0,0,1,0,0,1
224,Great food with an awesome atmosphere!,FOOD#QUALITY*AMBIENCE#GENERAL,1,0,0,0,0,1,0,0,0,0,0,0
225,"– Eggs, pancakes, potatoes, fresh fruit and yogurt -- everything they serve is delicious.",FOOD#QUALITY*FOOD#QUALITY*FOOD#QUALITY*FOOD#QUALITY*FOOD#QUALITY*FOOD#QUALITY,0,0,0,0,0,1,0,0,0,0,0,0
226,"The best place for a leisure Sunday breakfast amidst yachts, then take a stroll through the nearby Farmer's Market.",RESTAURANT#MISCELLANEOUS,0,0,0,0,0,0,0,0,0,1,0,0
227,great meal – the fish on the omikase platter was absolutely decadent -- there was none of the stringiness that sometimes accompanies fair sushi -- this fish was perfect!!!!,FOOD#QUALITY*FOOD#QUALITY,0,0,0,0,0,1,0,0,0,0,0,0
228,"plus, i am allergic to rice, and the waitstaff was unbelievably accomodating -- didn't even bat an eye!",SERVICE#GENERAL,0,0,0,0,0,0,0,0,0,0,0,1
229,and the waiter suggested a perfect sake!!,SERVICE#GENERAL*DRINKS#QUALITY,0,0,1,0,0,0,0,0,0,0,0,1
230,absolutely fabulous!!!,RESTAURANT#GENERAL,0,0,0,0,0,0,0,0,1,0,0,0
231,Unbeatable sushi!,FOOD#QUALITY,0,0,0,0,0,1,0,0,0,0,0,0
232,Two thumbs up!,FOOD#QUALITY,0,0,0,0,0,1,0,0,0,0,0,0
233,This is right up there with places in Tokyo as far as the freshness is concerned.,FOOD#QUALITY,0,0,0,0,0,1,0,0,0,0,0,0
234,"Melt in your mouth nigiri and sashmi, and very tasty rolls too.",FOOD#QUALITY*FOOD#QUALITY*FOOD#QUALITY,0,0,0,0,0,1,0,0,0,0,0,0
235,Be sure to try the oyster roll.,FOOD#QUALITY,0,0,0,0,0,1,0,0,0,0,0,0
236,splendid,RESTAURANT#GENERAL,0,0,0,0,0,0,0,0,1,0,0,0
237,"– How to describe the best sushi in NYC: hmmmm, delicious, amazing, fantastic, suculent, perfect, nah, all of the above.",FOOD#QUALITY,0,0,0,0,0,1,0,0,0,0,0,0
238,"I can't saybenough good things about this restaurant, and I can't wait for my next several visits.",RESTAURANT#GENERAL,0,0,0,0,0,0,0,0,1,0,0,0
239,The best Chuwam Mushi I have ever had.,FOOD#QUALITY,0,0,0,0,0,1,0,0,0,0,0,0
240,Perfect on a cold day.,FOOD#QUALITY,0,0,0,0,0,1,0,0,0,0,0,0
241,$6 with tip.,RESTAURANT#PRICES,0,0,0,0,0,0,0,0,0,0,1,0
242,Perfection.,RESTAURANT#GENERAL,0,0,0,0,0,0,0,0,1,0,0,0
243,"Good Sushi, High Price ",FOOD#QUALITY*FOOD#PRICES,0,0,0,0,1,1,0,0,0,0,0,0
244,One of the best Sushi place in town.,RESTAURANT#GENERAL,0,0,0,0,0,0,0,0,1,0,0,0
245,The house special roll is really good.,FOOD#QUALITY,0,0,0,0,0,1,0,0,0,0,0,0
246,"On weekends, you might have to wait for couple hours.",SERVICE#GENERAL,0,0,0,0,0,0,0,0,0,0,0,1
247,"However, they do take your cellphone numbers so that you can go hang out somewhere else till they call you up on your cellphone.",SERVICE#GENERAL,0,0,0,0,0,0,0,0,0,0,0,1
248,A cozy spot for 2,AMBIENCE#GENERAL,1,0,0,0,0,0,0,0,0,0,0,0
249,"– I can't believe Murphy's has been around for over 25 years, amazing.",RESTAURANT#MISCELLANEOUS,0,0,0,0,0,0,0,0,0,1,0,0
250,"That's a huge compliment, especially in the fickled restaurant business, ...enough already!",RESTAURANT#GENERAL,0,0,0,0,0,0,0,0,1,0,0,0
251,"Brunch at Murphy's is to die for, my specialty... egg white omelet, the food is always freshly prepared.",FOOD#QUALITY*FOOD#QUALITY*FOOD#QUALITY,0,0,0,0,0,1,0,0,0,0,0,0
252,It's the perfect spot for a romantic date for 2 or a secret rendezvous!,RESTAURANT#MISCELLANEOUS*AMBIENCE#GENERAL,1,0,0,0,0,0,0,0,0,1,0,0
253,Save room for  scrumptious desserts.,FOOD#QUALITY,0,0,0,0,0,1,0,0,0,0,0,0
254,The restaurant offers an extensive wine list and an ambiance you won't forget!,DRINKS#STYLE_OPTIONS*AMBIENCE#GENERAL,1,0,0,1,0,0,0,0,0,0,0,0
255,"I guarantee you won't be disappointed, there's also valet parking.",RESTAURANT#GENERAL*RESTAURANT#MISCELLANEOUS,0,0,0,0,0,0,0,0,1,1,0,0
256,Addicting!,RESTAURANT#GENERAL,0,0,0,0,0,0,0,0,1,0,0,0
257,– Best Mexican place for lunch in the financial district.,RESTAURANT#GENERAL,0,0,0,0,0,0,0,0,1,0,0,0
258,Love the enchiladas and chicken soup - and be sure to check out their specials.,FOOD#QUALITY*FOOD#QUALITY*FOOD#QUALITY,0,0,0,0,0,1,0,0,0,0,0,0
259,The cooks have been at the restaurant for years and cook family recipes.,FOOD#QUALITY,0,0,0,0,0,1,0,0,0,0,0,0
260,"Can get busy on Fridays for a table but once seated, the service is so efficient you can be in and out of there quickly.",SERVICE#GENERAL,0,0,0,0,0,0,0,0,0,0,0,1
261,I went there with a friend from out of town... and we were both very impressed!,RESTAURANT#GENERAL,0,0,0,0,0,0,0,0,1,0,0,0
262,The sushi was excellent and the wait staff was quick.,FOOD#QUALITY*SERVICE#GENERAL,0,0,0,0,0,1,0,0,0,0,0,1
263,The price was right too.,RESTAURANT#PRICES,0,0,0,0,0,0,0,0,0,0,1,0
264,The atmosphere was just okay.,AMBIENCE#GENERAL,1,0,0,0,0,0,0,0,0,0,0,0
265,"Space was limited, but the food made up for it.",RESTAURANT#MISCELLANEOUS*FOOD#QUALITY,0,0,0,0,0,1,0,0,0,1,0,0
266,I'd go back there in a heartbeat.,RESTAURANT#GENERAL,0,0,0,0,0,0,0,0,1,0,0,0
267,Well I guess it's hard to be seated when one is invisible to the staff.,SERVICE#GENERAL,0,0,0,0,0,0,0,0,0,0,0,1
268,We stood there for 10 minutes while employees walked back and forth ignoring us.,SERVICE#GENERAL,0,0,0,0,0,0,0,0,0,0,0,1
269,"Finally, my wife stood face to face in front of one of the staff and she asked, ""Are you waiting for a table?""",SERVICE#GENERAL,0,0,0,0,0,0,0,0,0,0,0,1
270,Once seated it took about 30 minutes to finally get the meal.,SERVICE#GENERAL,0,0,0,0,0,0,0,0,0,0,0,1
271,The prior reviews said Kid friendly... give me a break with two young children that is light years.,RESTAURANT#MISCELLANEOUS,0,0,0,0,0,0,0,0,0,1,0,0
272,The Caesar salad I ordered had so much lemon I couldn't eat it.,FOOD#QUALITY,0,0,0,0,0,1,0,0,0,0,0,0
273,It was decent but nothing exceptional.,FOOD#QUALITY,0,0,0,0,0,1,0,0,0,0,0,0
274,"Great food, better Margaritas!",FOOD#QUALITY*DRINKS#QUALITY,0,0,1,0,0,1,0,0,0,0,0,0
275,"– This is one of my top lunch spots, huge portions, fast service and amazing margaritas!!",RESTAURANT#GENERAL*FOOD#STYLE_OPTIONS*SERVICE#GENERAL*DRINKS#QUALITY,0,0,1,0,0,0,1,0,1,0,0,1
276,"it gets really busy, so get there on the early side so you can grab a seat, if you do have to wait, its not bad because the service is quick!",SERVICE#GENERAL,0,0,0,0,0,0,0,0,0,0,0,1
277,"Check out the art on the walls, very colorful!",AMBIENCE#GENERAL,1,0,0,0,0,0,0,0,0,0,0,0
278,i love this place!,RESTAURANT#GENERAL,0,0,0,0,0,0,0,0,1,0,0,0
279,– i have been eating at this place for over 8 years now and i have never had one bad meal.,FOOD#QUALITY,0,0,0,0,0,1,0,0,0,0,0,0
280,i highly recommend this place to all that want to try indain food for the first time.,FOOD#QUALITY,0,0,0,0,0,1,0,0,0,0,0,0
281,The lunch menu is an awesome deal!,FOOD#PRICES,0,0,0,0,1,0,0,0,0,0,0,0
282,"plenty of food,trust me .",FOOD#STYLE_OPTIONS,0,0,0,0,0,0,1,0,0,0,0,0
283,Fresh ingrediants and super tasty.,FOOD#QUALITY*FOOD#QUALITY,0,0,0,0,0,1,0,0,0,0,0,0
284,The place is the next best thing to my Moms cooking.,FOOD#QUALITY,0,0,0,0,0,1,0,0,0,0,0,0
285,"Best food, phenominal service ",FOOD#QUALITY*SERVICE#GENERAL,0,0,0,0,0,1,0,0,0,0,0,1
286,"For the finicky sushi eater and those who have sampled the best NYC has to offer, the fish is the freshest and the service is superb.",FOOD#QUALITY*SERVICE#GENERAL,0,0,0,0,0,1,0,0,0,0,0,1
287,"Not only can the selection be innovative, but there's a nice balance of traditional sushi as well.",FOOD#STYLE_OPTIONS*FOOD#STYLE_OPTIONS,0,0,0,0,0,0,1,0,0,0,0,0
288,The nicest waiters in town.,SERVICE#GENERAL,0,0,0,0,0,0,0,0,0,0,0,1
289,WAY OVER-RATED!!!!,RESTAURANT#GENERAL,0,0,0,0,0,0,0,0,1,0,0,0
290,– This place is unbelievably over-rated.,RESTAURANT#GENERAL,0,0,0,0,0,0,0,0,1,0,0,0
291,"If I want to stand in line on Sunday for an hour to get average brunch food, then I would put Murphy's at the top of the list.",FOOD#QUALITY*SERVICE#GENERAL,0,0,0,0,0,1,0,0,0,0,0,1
292,The regular menu here is slightly above average that is not worth the snotty attitude that you receive.,FOOD#QUALITY*SERVICE#GENERAL,0,0,0,0,0,1,0,0,0,0,0,1
293,10!,RESTAURANT#GENERAL,0,0,0,0,0,0,0,0,1,0,0,0
294,"Your a sushi fan, you love expertly cut fish, great sake, a killer SOHO location, and of course: Salmon, Tuna, Fluke, Yellow Tail, Cod, Mackeral, Jellyfish, Sea Urchin, Shrimp, Lobster, Sea Bream, Trout, Milk Fish, Blue Fin Tuna, Eel, Crab, Sardine, Monk Fish, Roe, Scallop, Oysters, and a varity of Toro.",FOOD#QUALITY*FOOD#STYLE_OPTIONS*DRINKS#QUALITY*LOCATION#GENERAL*FOOD#QUALITY*FOOD#QUALITY*FOOD#QUALITY*FOOD#QUALITY*FOOD#QUALITY*FOOD#QUALITY*FOOD#QUALITY*FOOD#QUALITY*FOOD#QUALITY*FOOD#QUALITY*FOOD#QUALITY*FOOD#QUALITY*FOOD#QUALITY*FOOD#QUALITY*FOOD#QUALITY*FOOD#QUALITY*FOOD#QUALITY*FOOD#QUALITY*FOOD#QUALITY*FOOD#QUALITY*FOOD#QUALITY*FOOD#STYLE_OPTIONS,0,0,1,0,0,1,1,1,0,0,0,0
295,"There is only one place on the east coast that has it all, plus a lot more.",RESTAURANT#GENERAL,0,0,0,0,0,0,0,0,1,0,0,0
296,Bring your cell phone cause you may have to wait to get into the best sushi restaurant in the world: BLUE RIBBON SUSHI.,RESTAURANT#GENERAL,0,0,0,0,0,0,0,0,1,0,0,0
297,Cut to the chase - this is amazing!,RESTAURANT#GENERAL,0,0,0,0,0,0,0,0,1,0,0,0
298,It's unpretentious and underground.,AMBIENCE#GENERAL,1,0,0,0,0,0,0,0,0,0,0,0
299,"It's fresh, welcoming, delicious, and relaxing.",FOOD#QUALITY*AMBIENCE#GENERAL,1,0,0,0,0,1,0,0,0,0,0,0
300,"Hands down, the best tuna I have ever had.",FOOD#QUALITY,0,0,0,0,0,1,0,0,0,0,0,0
301,Blue Ribbon lives up to it's fantastic reputation.,RESTAURANT#GENERAL,0,0,0,0,0,0,0,0,1,0,0,0
302,I went here on a recommendation and will surely return time and time again.,RESTAURANT#GENERAL,0,0,0,0,0,0,0,0,1,0,0,0
303,What a find!,RESTAURANT#GENERAL,0,0,0,0,0,0,0,0,1,0,0,0
304,Well worth it ,RESTAURANT#GENERAL,0,0,0,0,0,0,0,0,1,0,0,0
305,Great value sushi with high quality & nice setting.,FOOD#PRICES*FOOD#QUALITY*AMBIENCE#GENERAL,1,0,0,0,1,1,0,0,0,0,0,0
306,Good for late night dining (last minute planning) without reservations.,RESTAURANT#MISCELLANEOUS,0,0,0,0,0,0,0,0,0,1,0,0
307,Try the Chef's Choice for sushi as the smoked yellowtail was incredible and the rolls were also tasty.,FOOD#QUALITY*FOOD#QUALITY*FOOD#QUALITY,0,0,0,0,0,1,0,0,0,0,0,0
308,Poor customer service/poor pizza.,SERVICE#GENERAL*FOOD#QUALITY,0,0,0,0,0,1,0,0,0,0,0,1
309,"– As with most restaurants in Seattle, Mioposto's service was bad and the food was overpriced.",SERVICE#GENERAL*FOOD#PRICES,0,0,0,0,1,0,0,0,0,0,0,1
310,"I know many people have their favorite types of pizza and pizza places, but Mioposto's pizza lacks quality and good taste.",FOOD#QUALITY,0,0,0,0,0,1,0,0,0,0,0,0
311,"To be honest, I've had better frozen pizza.",FOOD#QUALITY,0,0,0,0,0,1,0,0,0,0,0,0
312,The only positive thing about Mioposto is the nice location.,LOCATION#GENERAL*RESTAURANT#GENERAL,0,0,0,0,0,0,0,1,1,0,0,0
313,Love it every time ,RESTAURANT#GENERAL,0,0,0,0,0,0,0,0,1,0,0,0
314,"I was frankly shocked when I read the bad reviews - this place is fantastic; it has not let us down in any way, and we've eaten here more than 10 times.",RESTAURANT#GENERAL,0,0,0,0,0,0,0,0,1,0,0,0
315,"The food is fantastic, and the waiting staff has been perfect every single time we've been there.",FOOD#QUALITY*SERVICE#GENERAL,0,0,0,0,0,1,0,0,0,0,0,1
316,"The only problem would be the wait, but we usually just have a drink in the front while waiting.",SERVICE#GENERAL,0,0,0,0,0,0,0,0,0,0,0,1
317,Never had one single problem there.,RESTAURANT#GENERAL,0,0,0,0,0,0,0,0,1,0,0,0
318,Seafood Plus,FOOD#QUALITY,0,0,0,0,0,1,0,0,0,0,0,0
319,– This was  great dining experience.,RESTAURANT#GENERAL,0,0,0,0,0,0,0,0,1,0,0,0
320,"If you're going to see Danny Gans or just staying at the Mirage, don't miss this one.",RESTAURANT#GENERAL,0,0,0,0,0,0,0,0,1,0,0,0
321,"The appetizer of oysters, lobster, crab (small size) made a perfect entre for my wife.",FOOD#QUALITY,0,0,0,0,0,1,0,0,0,0,0,0
322,Seabass on lobster risotto was the best.,FOOD#QUALITY,0,0,0,0,0,1,0,0,0,0,0,0
323,Caesar salad was superb.,FOOD#QUALITY,0,0,0,0,0,1,0,0,0,0,0,0
324,Great bottle of wine.,DRINKS#QUALITY,0,0,1,0,0,0,0,0,0,0,0,0
325,Leave room for dessert.,FOOD#QUALITY,0,0,0,0,0,1,0,0,0,0,0,0
326,COMPLETELY OVER RATED!,RESTAURANT#GENERAL,0,0,0,0,0,0,0,0,1,0,0,0
327,"The food was ok, but the service was so poor that the food was cold buy the time everyone in my party was served.",FOOD#QUALITY*SERVICE#GENERAL,0,0,0,0,0,1,0,0,0,0,0,1
328,"Even then, the order was not correct and we were still waiting for a couple items.",SERVICE#GENERAL,0,0,0,0,0,0,0,0,0,0,0,1
329,We had a very hard time getting the waitress' attention and finally had to get up and go inside to speak to a manager.,SERVICE#GENERAL,0,0,0,0,0,0,0,0,0,0,0,1
330,As it turns out the owner was seated right next to us and when he came over to check on our problems was very dismissive and offered a token 20% discount on our bill.,SERVICE#GENERAL,0,0,0,0,0,0,0,0,0,0,0,1
331,"When the bill came, he only took the discount off the food and not the drinks.",SERVICE#GENERAL,0,0,0,0,0,0,0,0,0,0,0,1
332,It was clear he didn’t really care.,SERVICE#GENERAL,0,0,0,0,0,0,0,0,0,0,0,1
333,AVOID THE PLACE,RESTAURANT#GENERAL,0,0,0,0,0,0,0,0,1,0,0,0
334,– Save yourself the waste of time & DO NOT visit.,RESTAURANT#GENERAL,0,0,0,0,0,0,0,0,1,0,0,0
335,When I got there I sat up stairs where the atmosphere was cozy & the service was horrible!,AMBIENCE#GENERAL*SERVICE#GENERAL,1,0,0,0,0,0,0,0,0,0,0,1
336,I waited for 10-15 minutes for service ordered a beer & was never served again.,SERVICE#GENERAL,0,0,0,0,0,0,0,0,0,0,0,1
337,After sitting there with my empty glass for over 20 minutes I left.,SERVICE#GENERAL,0,0,0,0,0,0,0,0,0,0,0,1
338,I went home & looked them up online again where I discovered there is a link for a give away that doesn't work so emailed the restaurant about the non existent service & deceptive link.,RESTAURANT#MISCELLANEOUS,0,0,0,0,0,0,0,0,0,1,0,0
339,I never heard back from anyone more than a month ago.,RESTAURANT#MISCELLANEOUS,0,0,0,0,0,0,0,0,0,1,0,0
340,After sitting at the bar for over 20 minutes the bar keep had made only 2 drinks & kept telling us she'd be right with us.,SERVICE#GENERAL,0,0,0,0,0,0,0,0,0,0,0,1
341,We left without ever getting service.,SERVICE#GENERAL,0,0,0,0,0,0,0,0,0,0,0,1
342,As of writing this I just tried their give away a link again & it still doesn't work.,RESTAURANT#MISCELLANEOUS,0,0,0,0,0,0,0,0,0,1,0,0
343,Best Crab Cakes in Town,FOOD#QUALITY,0,0,0,0,0,1,0,0,0,0,0,0
344,– Thats a big statement considering I've been pulling crab traps and making the cakes myself since I was about seven - but something about these little devils gets better every time.,FOOD#QUALITY,0,0,0,0,0,1,0,0,0,0,0,0
345,"If you can, come to this place by boat and make it a whole evening.",RESTAURANT#MISCELLANEOUS,0,0,0,0,0,0,0,0,0,1,0,0
346,"Great seasonal fish and seafood, with a classy waterfront setting.",FOOD#QUALITY*FOOD#QUALITY*AMBIENCE#GENERAL,1,0,0,0,0,1,0,0,0,0,0,0
347,Always a winner.,RESTAURANT#GENERAL,0,0,0,0,0,0,0,0,1,0,0,0
348,"Great Pizza, Poor Service",FOOD#QUALITY*SERVICE#GENERAL,0,0,0,0,0,1,0,0,0,0,0,1
349,"– Love their pizza, especially the mushroom pizza.",FOOD#QUALITY*FOOD#QUALITY,0,0,0,0,0,1,0,0,0,0,0,0
350,Also love their caeser salad.,FOOD#QUALITY,0,0,0,0,0,1,0,0,0,0,0,0
351,"Prefer to order it and pick it up though because I don't like the servers, one young woman in particular.",SERVICE#GENERAL*SERVICE#GENERAL,0,0,0,0,0,0,0,0,0,0,0,1
352,She doesn't make you feel welcome and treats you like an annoyance.,SERVICE#GENERAL,0,0,0,0,0,0,0,0,0,0,0,1
353,"But she is very friendly with certain people, making it even more annoying.",SERVICE#GENERAL,0,0,0,0,0,0,0,0,0,0,0,1
354,Management should really take notice and train their waitstaff and teach them some proper manners.,SERVICE#GENERAL*SERVICE#GENERAL,0,0,0,0,0,0,0,0,0,0,0,1
355,"Many people talk about the great pizza and poor service, so it can't just be the rantings of a few dissatisfied customers.",FOOD#QUALITY*SERVICE#GENERAL,0,0,0,0,0,1,0,0,0,0,0,1
356,It's a great little place with tons of potential to be a neighborhood joint if the service weren't so impersonal and corporate-like.,RESTAURANT#GENERAL*SERVICE#GENERAL,0,0,0,0,0,0,0,0,1,0,0,1
357,Great Breakfast,FOOD#QUALITY,0,0,0,0,0,1,0,0,0,0,0,0
358,– This place is famous for their breakfast.,FOOD#QUALITY,0,0,0,0,0,1,0,0,0,0,0,0
359,They have been featured on the food network and they deserve it.,RESTAURANT#MISCELLANEOUS,0,0,0,0,0,0,0,0,0,1,0,0
360,The food is great and they make a mean bloody mary.,FOOD#QUALITY*DRINKS#QUALITY,0,0,1,0,0,1,0,0,0,0,0,0
361,I love breakfast here.,FOOD#QUALITY,0,0,0,0,0,1,0,0,0,0,0,0
362,Their crab eggs benedict is addicting.,FOOD#QUALITY,0,0,0,0,0,1,0,0,0,0,0,0
363,"All their menu items are a hit, and they serve mimosas.",FOOD#QUALITY*DRINKS#STYLE_OPTIONS,0,0,0,1,0,1,0,0,0,0,0,0
364,Doesn't get any better than that.,RESTAURANT#GENERAL,0,0,0,0,0,0,0,0,1,0,0,0
365,best chinese food i have tasted in a long time,FOOD#QUALITY,0,0,0,0,0,1,0,0,0,0,0,0
366,You can easily hear him though so it was a pleasant sound and not overbearing.,AMBIENCE#GENERAL,1,0,0,0,0,0,0,0,0,0,0,0
367,the ambiance of the restaurant was nice and good for fine dinning.,AMBIENCE#GENERAL,1,0,0,0,0,0,0,0,0,0,0,0
368,not too fine thought that you feel uncomfortable and have to dress up.,AMBIENCE#GENERAL,1,0,0,0,0,0,0,0,0,0,0,0
369,the staff was very nice and courteous and obviously chinese.,SERVICE#GENERAL,0,0,0,0,0,0,0,0,0,0,0,1
370,"First off, the food came fast and all together :) i like that... i hate the pretentiousness of things coming in one after the other.",SERVICE#GENERAL,0,0,0,0,0,0,0,0,0,0,0,1
371,"so about the prawns, they were fresh and had a slight crispiness about the batter... soooo good... the walnuts were cut in smaller pieces and very crunchy and tasty.",FOOD#QUALITY*FOOD#QUALITY*FOOD#QUALITY,0,0,0,0,0,1,0,0,0,0,0,0
372,yummy.,FOOD#QUALITY,0,0,0,0,0,1,0,0,0,0,0,0
373,best honey walnyt prawns that we have every tasted.,FOOD#QUALITY,0,0,0,0,0,1,0,0,0,0,0,0
374,the brocollis were so fresh and tasty.,FOOD#QUALITY,0,0,0,0,0,1,0,0,0,0,0,0
375,"i would normally not finish the brocolli when i order these kinds of food but for the first time, every piece was as eventful as the first one... the scallops and prawns was so fresh and nicely cooked.",FOOD#QUALITY*FOOD#QUALITY*FOOD#QUALITY,0,0,0,0,0,1,0,0,0,0,0,0
376,not chewy at all.,FOOD#QUALITY,0,0,0,0,0,1,0,0,0,0,0,0
377,for desert we had the mango ginger creme brulee... oh la la yummy!!!,FOOD#QUALITY,0,0,0,0,0,1,0,0,0,0,0,0
378,melt in your mouth.,FOOD#QUALITY,0,0,0,0,0,1,0,0,0,0,0,0
379,we are for sure coming back to this restaurant.,RESTAURANT#GENERAL,0,0,0,0,0,0,0,0,1,0,0,0
380,"it is sad there is not many people who frequent eating at places like these that look pricey because they are at the hotel... but they are definitely one you dont want to miss, esp if your in downtown san jose.",RESTAURANT#GENERAL,0,0,0,0,0,0,0,0,1,0,0,0
381,Chintzy portions,FOOD#STYLE_OPTIONS,0,0,0,0,0,0,1,0,0,0,0,0
382,"– The sushi here is perfectly good, but for $5 a piece, either the slices of fish should be larger, or there should be no pretense that this is a moderately priced restaurant (even for NYC).",FOOD#QUALITY*RESTAURANT#PRICES*FOOD#STYLE_OPTIONS*FOOD#PRICES,0,0,0,0,1,1,1,0,0,0,1,0
383,We easily spent more than $40 per person (not including alcohol) and were still hungry.,RESTAURANT#PRICES*FOOD#STYLE_OPTIONS,0,0,0,0,0,0,1,0,0,0,1,0
384,I'm astonished that this restaurant is categorized as $$$ rather than $$$$.,RESTAURANT#PRICES,0,0,0,0,0,0,0,0,0,0,1,0
385,"Terrible service, food ok, pricey",SERVICE#GENERAL*FOOD#QUALITY*RESTAURANT#PRICES,0,0,0,0,0,1,0,0,0,0,1,1
386,We put out name down and although there were open tables we were told that it'd be a 30 minute wait.,SERVICE#GENERAL,0,0,0,0,0,0,0,0,0,0,0,1
387,"We went back to the restaurant and low and behold, we were seated at one of the tables that was available 30 minutes ago!!",SERVICE#GENERAL,0,0,0,0,0,0,0,0,0,0,0,1
388,None that I can think of.,SERVICE#GENERAL,0,0,0,0,0,0,0,0,0,0,0,1
389,"We put in our order and although we ordered 4 appetizers, the food didn't arrive until 45 minutes later...WITH OUR MAIN COURSE.",SERVICE#GENERAL,0,0,0,0,0,0,0,0,0,0,0,1
390,Um so now what are appetizers for???,SERVICE#GENERAL,0,0,0,0,0,0,0,0,0,0,0,1
391,Oh I forgot to mention that they don't have bread service.,SERVICE#GENERAL,0,0,0,0,0,0,0,0,0,0,0,1
392,"My wife also ordered a teapot of hot water (she had a sore throat) and I guess that since it was only water, it wasn't a priority for them to actually bring it.",SERVICE#GENERAL,0,0,0,0,0,0,0,0,0,0,0,1
393,"In other words, if they aren't making $$ off of you then you don't rate high on their 'service scale'.",SERVICE#GENERAL,0,0,0,0,0,0,0,0,0,0,0,1
394,"Food wise, its ok but a bit pricey for what you get considering the restaurant isn't a fancy place.",FOOD#QUALITY*RESTAURANT#PRICES*AMBIENCE#GENERAL,1,0,0,0,0,1,0,0,0,0,1,0
395,If I needed to name some they would include the location to the beach or Golden Gate park.,LOCATION#GENERAL,0,0,0,0,0,0,0,1,0,0,0,0
396,Its great if you spent the day there and didn't want to drive to eat.,LOCATION#GENERAL,0,0,0,0,0,0,0,1,0,0,0,0
397,"Parking is reasonably good, they have their own lot and you can park in the park nearby.",RESTAURANT#MISCELLANEOUS,0,0,0,0,0,0,0,0,0,1,0,0
398,Another plus is the open feel of the restaurant with glass walls on all sides.,AMBIENCE#GENERAL*AMBIENCE#GENERAL,1,0,0,0,0,0,0,0,0,0,0,0
399,Always good.,RESTAURANT#GENERAL,0,0,0,0,0,0,0,0,1,0,0,0
400,6pm on a Sat before a Broadway play and we were quickly seated and served.,SERVICE#GENERAL,0,0,0,0,0,0,0,0,0,0,0,1
401,Amazing Spanish Mackeral special appetizer and perfect box sushi (that eel with avodcao -- um um um).,FOOD#QUALITY*FOOD#QUALITY*FOOD#QUALITY,0,0,0,0,0,1,0,0,0,0,0,0
402,"As usual the omikase didn't disappoint in freshness, although it scored low on creativity and selection.",FOOD#QUALITY*FOOD#STYLE_OPTIONS,0,0,0,0,0,1,1,0,0,0,0,0
403,"Their specialty rolls are impressive, though I can't remember what we had.",FOOD#QUALITY,0,0,0,0,0,1,0,0,0,0,0,0
404,Great selection of sakes.,DRINKS#STYLE_OPTIONS,0,0,0,1,0,0,0,0,0,0,0,0
405,Green tea creme brulee gets better each time I have it.,FOOD#QUALITY,0,0,0,0,0,1,0,0,0,0,0,0
406,It isn't the cheapest sushi but has been worth it every time.,FOOD#PRICES*FOOD#QUALITY,0,0,0,0,1,1,0,0,0,0,0,0
407,Very poor customer service.,SERVICE#GENERAL,0,0,0,0,0,0,0,0,0,0,0,1
408,"– Schooner or Later's charming location along the marina in Long Beach and average food does not, unfortunately, compensate for its very poor customer service.",LOCATION#GENERAL*FOOD#QUALITY*SERVICE#GENERAL,0,0,0,0,0,1,0,1,0,0,0,1
409,"While this diner had reasonably good food, the restaurant staff seemed completely indifferent to our presence, and this attitude was reflected in the lack of service.",FOOD#QUALITY*SERVICE#GENERAL,0,0,0,0,0,1,0,0,0,0,0,1
410,"As part of a small party of four, our food was dropped off without comment;",SERVICE#GENERAL,0,0,0,0,0,0,0,0,0,0,0,1
411,any further needs we may have had could not have been met since no one stopped by the table.,SERVICE#GENERAL,0,0,0,0,0,0,0,0,0,0,0,1
412,"When we finally were able to flag someone down, it was someone entirely different from the person who had dropped off the food, who was also not the same person who had taken our order.",SERVICE#GENERAL,0,0,0,0,0,0,0,0,0,0,0,1
413,"After one member of our party had been bumped repeatedly by a waitress, a polite request that he not be bumped sent the waitress into an abusive rant.",SERVICE#GENERAL,0,0,0,0,0,0,0,0,0,0,0,1
414,"A brief conversation with the manager at the end of the meal was the greatest disappointment--to say we had been ""blown off"" would be an understatement.",SERVICE#GENERAL,0,0,0,0,0,0,0,0,0,0,0,1
415,"The manager continually interrupted with ""Is there anything else I can do for you?"", a strange comment because she had hardly listened, let alone responded to our expression of disappointment at our experience.",SERVICE#GENERAL,0,0,0,0,0,0,0,0,0,0,0,1
416,"She promised to speak to the waitress who had flown off in a rage, but we could hardly take her promise seriously, seeing as she hadn't bothered to get the waitresses name.",SERVICE#GENERAL,0,0,0,0,0,0,0,0,0,0,0,1
417,"In short, Schooner or Later couldn't have cared less about our being at their establishment.",SERVICE#GENERAL,0,0,0,0,0,0,0,0,0,0,0,1
418,you are with a hot date and he/she has an urge for sushi...then this might be the place.,FOOD#QUALITY,0,0,0,0,0,1,0,0,0,0,0,0
419,"the fish was fresh, though it was cut very thin.",FOOD#QUALITY*FOOD#STYLE_OPTIONS,0,0,0,0,0,1,1,0,0,0,0,0
420,great service.,SERVICE#GENERAL,0,0,0,0,0,0,0,0,0,0,0,1
421,good sake selection.,DRINKS#STYLE_OPTIONS,0,0,0,1,0,0,0,0,0,0,0,0
422,Dungeness crabs here!,FOOD#QUALITY,0,0,0,0,0,1,0,0,0,0,0,0
423,– Ray's is THE place to go for high quality seafood dinners.,FOOD#QUALITY,0,0,0,0,0,1,0,0,0,0,0,0
424,And they give good quantity for the price.,FOOD#STYLE_OPTIONS*FOOD#PRICES,0,0,0,0,1,0,1,0,0,0,0,0
425,We were only in Seattle for one night and I'm so glad we picked Rays for dinner!,RESTAURANT#GENERAL,0,0,0,0,0,0,0,0,1,0,0,0
426,I love Dungeness crabs and at Ray's you can get them served in about 6 different ways!,FOOD#STYLE_OPTIONS,0,0,0,0,0,0,1,0,0,0,0,0
427,We shared the family platter and I especially enjoyed the black cod in sake kasu.,FOOD#QUALITY,0,0,0,0,0,1,0,0,0,0,0,0
428,I ended the meal with the unusual dessert of a port and chocolate tasting....yummy!,FOOD#QUALITY,0,0,0,0,0,1,0,0,0,0,0,0
429,And the service was simply spendid - quite a delight.,SERVICE#GENERAL,0,0,0,0,0,0,0,0,0,0,0,1
430,Great Breakfast,FOOD#QUALITY,0,0,0,0,0,1,0,0,0,0,0,0
431,"– Great drinks , corn beef hash, coffee, B Fast burritos, Gluten Free menu.",DRINKS#QUALITY*FOOD#QUALITY*DRINKS#QUALITY*FOOD#QUALITY*FOOD#STYLE_OPTIONS,0,0,1,0,0,1,1,0,0,0,0,0
432,The service is fantastic at this fun place.,SERVICE#GENERAL*RESTAURANT#GENERAL,0,0,0,0,0,0,0,0,1,0,0,1
433,"If there is a line very day of the week for the entire time a place is open, you know it is great.",RESTAURANT#GENERAL,0,0,0,0,0,0,0,0,1,0,0,0
434,This is the case at this gem.,RESTAURANT#GENERAL,0,0,0,0,0,0,0,0,1,0,0,0
435,Best Neighborhood Standby.,RESTAURANT#GENERAL,0,0,0,0,0,0,0,0,1,0,0,0
436,You Can't Go Wrong Here.,RESTAURANT#GENERAL,0,0,0,0,0,0,0,0,1,0,0,0
437,In Grammercy/Union Square/East Village this is my neighbors and my favorite spot.,RESTAURANT#GENERAL,0,0,0,0,0,0,0,0,1,0,0,0
438,"The music is great, no night better or worse, the bar tenders are generous with the pouring, and the lighthearted atmosphere will lifts you spirits.",AMBIENCE#GENERAL*DRINKS#STYLE_OPTIONS*AMBIENCE#GENERAL,1,0,0,1,0,0,0,0,0,0,0,0
439,"Seriously, you can't go wrong, if it is unpretentious local fun you seek.",AMBIENCE#GENERAL,1,0,0,0,0,0,0,0,0,0,0,0
440,"Oh, and the cheese fries are awesome!",FOOD#QUALITY,0,0,0,0,0,1,0,0,0,0,0,0
441,"Good Food, Great Service, Average Prices (For the Strip)",FOOD#QUALITY*SERVICE#GENERAL*RESTAURANT#PRICES,0,0,0,0,0,1,0,0,0,0,1,1
442,– I decided to eat at Stack because of their price fixed pre-show dinner.,FOOD#PRICES,0,0,0,0,1,0,0,0,0,0,0,0
443,"When I walked in, I was taken aback by their incredible wood decor.",AMBIENCE#GENERAL,1,0,0,0,0,0,0,0,0,0,0,0
444,"The music playing was very hip, 20-30 something pop music, but the subwoofer to the sound system was located under my seat, which became annoying midway through dinner.",AMBIENCE#GENERAL*AMBIENCE#GENERAL,1,0,0,0,0,0,0,0,0,0,0,0
445,I got the shellfish and shrimp appetizer and it was alright.,FOOD#QUALITY,0,0,0,0,0,1,0,0,0,0,0,0
446,"It wasn't the freshest seafood ever, but the taste and presentation was OK.",FOOD#STYLE_OPTIONS*FOOD#QUALITY,0,0,0,0,0,1,1,0,0,0,0,0
447,"I picked the asparagus, which turned out to be incredible and perfectly prepared.",FOOD#QUALITY,0,0,0,0,0,1,0,0,0,0,0,0
448,"The 9 oz steak came next and it tasted great, at least initially.",FOOD#QUALITY,0,0,0,0,0,1,0,0,0,0,0,0
449,The steak was done to my exact liking (medium rare) and was nice and juicy.,FOOD#QUALITY,0,0,0,0,0,1,0,0,0,0,0,0
450,"It?s served with either a peppercorn sauce or red wine reduction, though both were indistinguishable in taste.",FOOD#QUALITY*FOOD#QUALITY,0,0,0,0,0,1,0,0,0,0,0,0
451,"Though, one thing I realized later on was that the restaurant either used MSG or a meat tenderizer on the steak.",FOOD#QUALITY,0,0,0,0,0,1,0,0,0,0,0,0
452,My mouth felt very dry afterwards and I had that signature ?MSG? taste lingering in my throat after I left the restaurant.,FOOD#QUALITY,0,0,0,0,0,1,0,0,0,0,0,0
453,They came in their own nifty take out box and with some homemade frosting; very light and not-too-sweet.,FOOD#QUALITY,0,0,0,0,0,1,0,0,0,0,0,0
454,The desert was the perfect ending to an almost perfect dinner.,FOOD#QUALITY*FOOD#QUALITY,0,0,0,0,0,1,0,0,0,0,0,0
455,"The dinner only took us about an hour and the prices were alright for the strip, almost $50/pp after tax and tip (about average).",RESTAURANT#PRICES*SERVICE#GENERAL,0,0,0,0,0,0,0,0,0,0,1,1
456,But the servers were extremely attentive and very friendly.,SERVICE#GENERAL,0,0,0,0,0,0,0,0,0,0,0,1
457,"Overall, I would go back and eat at the restaurant again.",RESTAURANT#GENERAL,0,0,0,0,0,0,0,0,1,0,0,0
458,Just remember to dress a little urban-chic so you don?t look too far out of place.,RESTAURANT#MISCELLANEOUS,0,0,0,0,0,0,0,0,0,1,0,0
459,"good sake, good food – i honestly don't know much about japanese food at all.",DRINKS#QUALITY*FOOD#QUALITY,0,0,1,0,0,1,0,0,0,0,0,0
460,Server made several sake suggestions which were very good.,DRINKS#QUALITY*SERVICE#GENERAL,0,0,1,0,0,0,0,0,0,0,0,1
461,had many dishes but the BEST was the lobster 3 ways.,FOOD#QUALITY,0,0,0,0,0,1,0,0,0,0,0,0
462,VERY GOOD!,RESTAURANT#GENERAL,0,0,0,0,0,0,0,0,1,0,0,0
463,Overpriced,RESTAURANT#PRICES,0,0,0,0,0,0,0,0,0,0,1,0
464,Waited 35 minutes for a table for 8 which was ok for such a big crowd.,SERVICE#GENERAL,0,0,0,0,0,0,0,0,0,0,0,1
465,The waiter was a bit unfriendly and the feel of the restaurant was crowded.,SERVICE#GENERAL*AMBIENCE#GENERAL,1,0,0,0,0,0,0,0,0,0,0,1
466,"Also, there was only one bathroom stall- probably need more for such big crowds.",RESTAURANT#MISCELLANEOUS,0,0,0,0,0,0,0,0,0,1,0,0
467,"Most importantly, we were so excited about the food after seeing the very creative menu.",FOOD#STYLE_OPTIONS,0,0,0,0,0,0,1,0,0,0,0,0
468,"At best, the food was good and definately overpriced.",FOOD#QUALITY*FOOD#PRICES,0,0,0,0,1,1,0,0,0,0,0,0
469,For the amount of food we got the prices should have been lower.,FOOD#STYLE_OPTIONS*FOOD#PRICES,0,0,0,0,1,0,1,0,0,0,0,0
470,Not sure if I would go back.,RESTAURANT#GENERAL,0,0,0,0,0,0,0,0,1,0,0,0
471,My favortie pizza joint in Seattle,RESTAURANT#GENERAL,0,0,0,0,0,0,0,0,1,0,0,0
472,"– This is my ""must bring out of town guests to"" restaurant and they always enjoy and rave about it.",RESTAURANT#GENERAL,0,0,0,0,0,0,0,0,1,0,0,0
473,"In fact, many want to return a second time during their visit.",RESTAURANT#GENERAL,0,0,0,0,0,0,0,0,1,0,0,0
474,The pizza is delicious and the salads are fantastic.,FOOD#QUALITY*FOOD#QUALITY,0,0,0,0,0,1,0,0,0,0,0,0
475,"I've always found the wait staff and, if you sit at the bar, the cooks very friendly.",SERVICE#GENERAL*SERVICE#GENERAL,0,0,0,0,0,0,0,0,0,0,0,1
476,"They aren't the most talkative, but everytime I've been there they have been very busy, which probably accounts for the lack of conversation.",SERVICE#GENERAL,0,0,0,0,0,0,0,0,0,0,0,1
477,I also really enjoy the simplicity of the decor and intimate feeling of a small restaurant.,AMBIENCE#GENERAL*AMBIENCE#GENERAL,1,0,0,0,0,0,0,0,0,0,0,0
478,It's just the right size for the menu.,RESTAURANT#MISCELLANEOUS,0,0,0,0,0,0,0,0,0,1,0,0
479,Excellent,RESTAURANT#GENERAL,0,0,0,0,0,0,0,0,1,0,0,0
480,– My husband and I love eating at Mioposto Café.,RESTAURANT#GENERAL,0,0,0,0,0,0,0,0,1,0,0,0
481,We’re can’t say enough about their delicious gourmet pizza’s!,FOOD#QUALITY,0,0,0,0,0,1,0,0,0,0,0,0
482,You won’t be disappointed by their menu.,FOOD#STYLE_OPTIONS,0,0,0,0,0,0,1,0,0,0,0,0
483,The pizza’s are thin crust and the menu offers very creative combinations and toppings.,FOOD#STYLE_OPTIONS*FOOD#STYLE_OPTIONS,0,0,0,0,0,0,1,0,0,0,0,0
484,You never feel icky and stuffed after you eat there.,FOOD#QUALITY,0,0,0,0,0,1,0,0,0,0,0,0
485,The pizza’s are light and scrumptious.,FOOD#QUALITY,0,0,0,0,0,1,0,0,0,0,0,0
486,Try the Pizza Ensalata!,FOOD#QUALITY,0,0,0,0,0,1,0,0,0,0,0,0
487,Absolutely delicious.,FOOD#QUALITY,0,0,0,0,0,1,0,0,0,0,0,0
488,The pizza’s are not huge and the crust is thin…keep that in mind when you’re ordering.,FOOD#STYLE_OPTIONS*FOOD#STYLE_OPTIONS,0,0,0,0,0,0,1,0,0,0,0,0
489,Worth the wait,RESTAURANT#GENERAL,0,0,0,0,0,0,0,0,1,0,0,0
490,"– Had to wait thirty minutes to get in the door on a tuesday morning, but it was so worth it.",RESTAURANT#MISCELLANEOUS*RESTAURANT#GENERAL,0,0,0,0,0,0,0,0,1,1,0,0
491,The food is sinful.,FOOD#QUALITY,0,0,0,0,0,1,0,0,0,0,0,0
492,The staff was really friendly.,SERVICE#GENERAL,0,0,0,0,0,0,0,0,0,0,0,1
493,The atmosphere was great.,AMBIENCE#GENERAL,1,0,0,0,0,0,0,0,0,0,0,0
494,"The specialty here is decadent pancakes, but I've been back now four times, and I've been wowed every time.",FOOD#QUALITY,0,0,0,0,0,1,0,0,0,0,0,0
495,Nothing on the menu is less than amazing.,FOOD#QUALITY,0,0,0,0,0,1,0,0,0,0,0,0
496,"Go with some friends, wait the half hour or so with a cup of joe, and enjoy more than your average breakfast.",FOOD#QUALITY*RESTAURANT#GENERAL,0,0,0,0,0,1,0,0,1,0,0,0
497,Good eats.,FOOD#QUALITY,0,0,0,0,0,1,0,0,0,0,0,0
498,I don't know why anyone would want to write a great review about this place.,RESTAURANT#GENERAL,0,0,0,0,0,0,0,0,1,0,0,0
499,"I have been to this place, folks and it is BAD.",RESTAURANT#GENERAL,0,0,0,0,0,0,0,0,1,0,0,0
500,Maybe it is good for that one night once in a blue moon when the chefs decide to use fish that's half-way decent.,FOOD#QUALITY,0,0,0,0,0,1,0,0,0,0,0,0
501,"I have been here, spent tons of money on a chef special dinner and it was a major dissappointment.",FOOD#QUALITY*FOOD#PRICES,0,0,0,0,1,1,0,0,0,0,0,0
502,Fancy pieces of exotic fish on a $100 dollar plate and NOT ONE was eatable.,FOOD#PRICES*FOOD#QUALITY*FOOD#STYLE_OPTIONS,0,0,0,0,1,1,1,0,0,0,0,0
503,DONOT GO!,RESTAURANT#GENERAL,0,0,0,0,0,0,0,0,1,0,0,0
504,Delicious,FOOD#QUALITY,0,0,0,0,0,1,0,0,0,0,0,0
505,– The atmosphere is great for any special occasion you might want to celebrate.,AMBIENCE#GENERAL,1,0,0,0,0,0,0,0,0,0,0,0
506,The best dish are the honwy walnut prawns- just outstanding.,FOOD#QUALITY,0,0,0,0,0,1,0,0,0,0,0,0
507,The service is really attentive and charming.,SERVICE#GENERAL,0,0,0,0,0,0,0,0,0,0,0,1
508,We waited for an hour to be seated.,SERVICE#GENERAL,0,0,0,0,0,0,0,0,0,0,0,1
509,"The service was excellent, the coffee was good even by starbucks standards and the food was outstanding.",SERVICE#GENERAL*DRINKS#QUALITY*FOOD#QUALITY,0,0,1,0,0,1,0,0,0,0,0,1
510,It was worth the wait.,RESTAURANT#GENERAL,0,0,0,0,0,0,0,0,1,0,0,0
511,Plan on waiting 30-70 minutes.,SERVICE#GENERAL,0,0,0,0,0,0,0,0,0,0,0,1
512,Will definitely be back.,RESTAURANT#GENERAL,0,0,0,0,0,0,0,0,1,0,0,0
513,Delicious...!,FOOD#QUALITY,0,0,0,0,0,1,0,0,0,0,0,0
514,– I recently had the pleasure of dining as this delightful restaurant on 2nd street and wow what a great evening we had.,RESTAURANT#GENERAL,0,0,0,0,0,0,0,0,1,0,0,0
515,"The food is fantastic, authentic, delicious and very, very affordable.",FOOD#QUALITY*FOOD#PRICES,0,0,0,0,1,1,0,0,0,0,0,0
516,The decor was beautiful and unique.,AMBIENCE#GENERAL,1,0,0,0,0,0,0,0,0,0,0,0
517,"There was a really nice vibe about the place...good music, atmosphere and happy looking people.",AMBIENCE#GENERAL*AMBIENCE#GENERAL*AMBIENCE#GENERAL*RESTAURANT#MISCELLANEOUS,1,0,0,0,0,0,0,0,0,1,0,0
518,Our server was very professional and friendly.,SERVICE#GENERAL,0,0,0,0,0,0,0,0,0,0,0,1
519,To the owners of Open Sesame...Bravo...I can't wait to come back to dine at your restaurant!,RESTAURANT#GENERAL,0,0,0,0,0,0,0,0,1,0,0,0
520,Delectable ,FOOD#QUALITY,0,0,0,0,0,1,0,0,0,0,0,0
521,It's a tiny place so if you get there before 8pm on a weekend (Thurs?Sun) you will find it easier to get a table or a seat at the sushi bar.,RESTAURANT#MISCELLANEOUS,0,0,0,0,0,0,0,0,0,1,0,0
522,"Once you're inside, the real experience begins.",RESTAURANT#GENERAL,0,0,0,0,0,0,0,0,1,0,0,0
523,"Everything, and I mean everything on the menu is delectable.",FOOD#QUALITY,0,0,0,0,0,1,0,0,0,0,0,0
524,The waiters are very experienced and helpful with pairing your drink choice to your food tastes or vice versa.,SERVICE#GENERAL,0,0,0,0,0,0,0,0,0,0,0,1
525,"The sushi is as fresh as it comes?you'd think ocean was in their backyard, no joke!",FOOD#QUALITY,0,0,0,0,0,1,0,0,0,0,0,0
526,"If you're interested in good tasting (without the fish taste or smell), large portions and creative sushi dishes this is your place...",FOOD#QUALITY*FOOD#STYLE_OPTIONS*FOOD#STYLE_OPTIONS,0,0,0,0,0,1,1,0,0,0,0,0
527,big thick pepperoni,FOOD#STYLE_OPTIONS,0,0,0,0,0,0,1,0,0,0,0,0
528,– The pepperoni's cut real thick--Yum.,FOOD#STYLE_OPTIONS,0,0,0,0,0,0,1,0,0,0,0,0
529,"The pizza itself is not exactly the best I've had EVER, but still pretty good.",FOOD#QUALITY,0,0,0,0,0,1,0,0,0,0,0,0
530,I probably wouldn't go back though 'cuz I don't know if it's worth it.,RESTAURANT#GENERAL,0,0,0,0,0,0,0,0,1,0,0,0
531,Maybe I'll go back once more many years from now when I've forgotten I went there already.,RESTAURANT#GENERAL,0,0,0,0,0,0,0,0,1,0,0,0
532,Sit in the Balcony,AMBIENCE#GENERAL,1,0,0,0,0,0,0,0,0,0,0,0
533,– Not bad.,RESTAURANT#GENERAL,0,0,0,0,0,0,0,0,1,0,0,0
534,Food was good and appetizing.,FOOD#QUALITY,0,0,0,0,0,1,0,0,0,0,0,0
535,"Portions was just enough for me, but may not be for a big eater.",FOOD#STYLE_OPTIONS,0,0,0,0,0,0,1,0,0,0,0,0
536,Fair menu selection.,FOOD#STYLE_OPTIONS,0,0,0,0,0,0,1,0,0,0,0,0
537,"The appetizer was interesting, but the Creme Brulee was very savory and delicious.",FOOD#QUALITY*FOOD#QUALITY,0,0,0,0,0,1,0,0,0,0,0,0
538,Indoor ambience was modern.,AMBIENCE#GENERAL,1,0,0,0,0,0,0,0,0,0,0,0
539,"If it's nice outside, request for a table in the balcony.",AMBIENCE#GENERAL,1,0,0,0,0,0,0,0,0,0,0,0
540,It's a great place to people watch.,RESTAURANT#MISCELLANEOUS,0,0,0,0,0,0,0,0,0,1,0,0
541,Although the service could be improved considering the money you put in.,SERVICE#GENERAL*RESTAURANT#PRICES,0,0,0,0,0,0,0,0,0,0,1,1
542,Our drinks kept coming but our server came by a couple times.,SERVICE#GENERAL*SERVICE#GENERAL,0,0,0,0,0,0,0,0,0,0,0,1
543,"Should check-up on us more frequently, don't you think?",SERVICE#GENERAL,0,0,0,0,0,0,0,0,0,0,0,1
544,Late night dinning with exeptional food.,FOOD#QUALITY,0,0,0,0,0,1,0,0,0,0,0,0
545,"We were seated right away, the table was private and nice.",SERVICE#GENERAL*AMBIENCE#GENERAL,1,0,0,0,0,0,0,0,0,0,0,1
546,The service was exceptional - sometime there was a feeling that we were served by the army of friendly waiters.,SERVICE#GENERAL*SERVICE#GENERAL,0,0,0,0,0,0,0,0,0,0,0,1
547,"The food was very good, filet mignon was probably the best I've ever try.",FOOD#QUALITY*FOOD#QUALITY,0,0,0,0,0,1,0,0,0,0,0,0
548,"The portions are big though, so do not order too much.",FOOD#STYLE_OPTIONS,0,0,0,0,0,0,1,0,0,0,0,0
549,Groovy music made the dinner casual.,AMBIENCE#GENERAL,1,0,0,0,0,0,0,0,0,0,0,0
550,The most pleasant surprise was the check that did not exceed my expectations as it always happens in most of the places.,RESTAURANT#PRICES,0,0,0,0,0,0,0,0,0,0,1,0
551,I have a but here - there was a bathroom attendant in the restroom which was odd.,RESTAURANT#MISCELLANEOUS,0,0,0,0,0,0,0,0,0,1,0,0
552,"The bathroom itself is very small with two toilets and only one sink, the girl was staying totally on the way hanging out paper towels from the dispenser.",RESTAURANT#MISCELLANEOUS,0,0,0,0,0,0,0,0,0,1,0,0
553,I felt ackward and next time went to the casino bathroom.,RESTAURANT#MISCELLANEOUS,0,0,0,0,0,0,0,0,0,1,0,0
554,This place rocks!!,RESTAURANT#GENERAL,0,0,0,0,0,0,0,0,1,0,0,0
555,"– Mercedes restaurant is so tasty, the service is undeniably awesome!",SERVICE#GENERAL*FOOD#QUALITY,0,0,0,0,0,1,0,0,0,0,0,1
556,"The chips  and salsa are so yummy, and the prices are fabulous.",FOOD#QUALITY*RESTAURANT#PRICES,0,0,0,0,0,1,0,0,0,0,1,0
557,"The atmosphere is aspiring, and  the decor is festive and amazing..",AMBIENCE#GENERAL*AMBIENCE#GENERAL,1,0,0,0,0,0,0,0,0,0,0,0
558,"The catering is out of this world, and Raouls chicken vegetable soup rocks my world!!!",FOOD#QUALITY*FOOD#QUALITY,0,0,0,0,0,1,0,0,0,0,0,0
559,"Drinks are suberb, and I feel like I am in a Third World country when I walk in the door.",DRINKS#QUALITY*AMBIENCE#GENERAL,1,0,1,0,0,0,0,0,0,0,0,0
560,Insultingly Overpriced,RESTAURANT#PRICES,0,0,0,0,0,0,0,0,0,0,1,0
561,- Mediocre Service/Quality,SERVICE#GENERAL,0,0,0,0,0,0,0,0,0,0,0,1
562,The presentation of Snooze is excellent and it is one of those places that you feel more sophisticated just for being there; but peel back the layers and you have an overpriced IHOP with a high brow menu.,AMBIENCE#GENERAL*FOOD#STYLE_OPTIONS*RESTAURANT#PRICES,1,0,0,0,0,0,1,0,0,0,1,0
563,"To start off, approximately 8-10 oz of orange juice will cost you $3.",DRINKS#PRICES,0,1,0,0,0,0,0,0,0,0,0,0
564,"They serve it in a tall, skinny hour-glass shaped glass to disguise the fact that you a getting a small juice at the price of a half gallon in a supermarket.",DRINKS#STYLE_OPTIONS*DRINKS#PRICES,0,1,0,1,0,0,0,0,0,0,0,0
565,I should have just asked for the check when I saw that; but their menu was so unique that I continued.,FOOD#STYLE_OPTIONS,0,0,0,0,0,0,1,0,0,0,0,0
566,"The pancakes were certainly inventive but $8.50 for 3 - 6"" pancakes (one of them was more like 5"") in the pancake flight (sample of 3 different pancakes) is well over-priced.",FOOD#STYLE_OPTIONS*FOOD#PRICES*FOOD#STYLE_OPTIONS,0,0,0,0,1,0,1,0,0,0,0,0
567,"The pancakes should be larger (at least 8"") to justify the expense even with the unique offerings.",FOOD#STYLE_OPTIONS*FOOD#PRICES,0,0,0,0,1,0,1,0,0,0,0,0
568,"On my meal I had to send back my eggs for a simple request of breaking the yokes before cooking, and would have had to send them back again if I hadn't rejected the meal all together.",FOOD#QUALITY*FOOD#QUALITY,0,0,0,0,0,1,0,0,0,0,0,0
569,I rejected it because in the process of attempting to fix the eggs they broke something else in the dish and I was too frustrated to continue.,FOOD#QUALITY,0,0,0,0,0,1,0,0,0,0,0,0
570,To their credit they removed the dish from the check; but no manager stopped by to ask what the problem was.,SERVICE#GENERAL*SERVICE#GENERAL,0,0,0,0,0,0,0,0,0,0,0,1
571,"In the end our check came to $27 for 4 small pancakes, a breakfast burrito, an orange juice and an iced tea (I had water).",FOOD#STYLE_OPTIONS*FOOD#PRICES*FOOD#PRICES*DRINKS#PRICES*DRINKS#PRICES,0,1,0,0,1,0,1,0,0,0,0,0
572,Much more than just a great view!,LOCATION#GENERAL*RESTAURANT#GENERAL,0,0,0,0,0,0,0,1,1,0,0,0
573,– I am exceedingly pleased to report that my dinner at Ray's Boathouse last Friday completely exceeded my expectations.,RESTAURANT#GENERAL,0,0,0,0,0,0,0,0,1,0,0,0
574,"Ray's is something of a Seattle institution, but given its gorgeous Sound views, I had suspected that the accolades were more due to the scenery than to the food and service.",LOCATION#GENERAL,0,0,0,0,0,0,0,1,0,0,0,0
575,Imagine my happy surprise upon finding that the views are only the third-best thing about Ray's!,LOCATION#GENERAL*RESTAURANT#GENERAL,0,0,0,0,0,0,0,1,1,0,0,0
576,"To start things off, our lovely server Brooke was quickly on hand to take my drink order.",SERVICE#GENERAL,0,0,0,0,0,0,0,0,0,0,0,1
577,"My party of two was feeling particularly ambitious, and we splurged on the Shilshole Sampler...a beautiful assortment of enormous white gulf prawns, smoked albacore tuna, Ray's fantastic manila clams seasoned with dill, scallops in a tasty soy dressing, and a tiny pile of Dungeness crab atop a sublime butter sauce.",FOOD#STYLE_OPTIONS*FOOD#QUALITY*FOOD#QUALITY*FOOD#QUALITY*FOOD#QUALITY*FOOD#STYLE_OPTIONS,0,0,0,0,0,1,1,0,0,0,0,0
578,"For my entr&eacute;e, I completely enjoyed the seared Alaskan sea scallops complemented by chard, artichoke hearts, fennel, and pecorino toscano.",FOOD#QUALITY*FOOD#STYLE_OPTIONS,0,0,0,0,0,1,1,0,0,0,0,0
579,The scallops are apparently cooked in a black olive butter which really makes them unique (not to mention tasty).,FOOD#QUALITY*FOOD#STYLE_OPTIONS,0,0,0,0,0,1,1,0,0,0,0,0
580,My friend enjoyed the grilled Alaskan King Salmon with delectable creamed Washington russet potatoes and crisp green beans.,FOOD#QUALITY*FOOD#QUALITY*FOOD#QUALITY,0,0,0,0,0,1,0,0,0,0,0,0
581,"I had a taste of all three items on her plate, and they were superb.",FOOD#QUALITY,0,0,0,0,0,1,0,0,0,0,0,0
582,"Our server continued to be attentive throughout the night, but I did remain puzzled by one issue:  Who thinks that Ray's is an appropriate place to take young children for dinner?",SERVICE#GENERAL*RESTAURANT#MISCELLANEOUS,0,0,0,0,0,0,0,0,0,1,0,1
583,Two rascally kids were seated near us for the first part of our dinner...they were replaced by a delightful preteen who pretended to gag every time seafood was mentioned at her table.,RESTAURANT#MISCELLANEOUS,0,0,0,0,0,0,0,0,0,1,0,0
584,"All considered, I have to say that Ray's Boathouse is deserving of its title as a Seattle institution.",RESTAURANT#GENERAL,0,0,0,0,0,0,0,0,1,0,0,0
585,"While I could have done without the youth who shared the evening with us, our wonderful server and food made the experience a very positive one.",SERVICE#GENERAL*FOOD#QUALITY*RESTAURANT#MISCELLANEOUS,0,0,0,0,0,1,0,0,0,1,0,1
586,"Oh yeah...the view was good, too.",LOCATION#GENERAL,0,0,0,0,0,0,0,1,0,0,0,0
